,code,title,points_r1_2021,points_r1_2020,points_r1_2019
0,AL605,Music and Instrument Technology,211,209,300
1,AL630,Pharmacy Technician,308,252,313
2,AL631,Dental Nursing,311,#+matric,350
3,AL632,Applied Science,297,#+matric,321
4,AL650,Business,AQA,#+matric,328
5,AL660,Culinary Arts,AQA,#+matric,327
6,AL661,Bar Supervision,AQA,#+matric,451*
7,AL663,Business (Sport and Recreation),AQA,#+matric,440*
8,AL701,Computer Engineering for Network Infrastructure,207,#+matric,356
9,AL702,Software Design in Artificial Intelligence for Cloud Computing,220,377,346
10,AL703,Software Design for Virtual Reality and Gaming,211,#+matric,357
11,AL704,Computer Engineering,210,#+matric,324
12,AL705,Software Design for Mobile Apps and Connected Devices,250,AQA,325
13,AL710,Mechanical Engineering,243,AQA,346
14,AL711,Mechanical Engineering and Renewable Energy,238,AQA,477
15,AL712,Automation and Robotics,247,AQA,338
16,AL713,Engineering (Common Entry to Automation and Robotics/Renewable/Mech Eng),226,AQA,306
17,AL718,Music and Sound Engineering,242,295,297
18,AL721,Civil Engineering,242,300,309
19,AL730,Biotechnology,261,234,302
20,AL731,Veterinary Nursing,421,207,336
21,AL734,Pharmaceutical Sciences (Drug Development and Analysis),244,AQA,300
22,AL740,Exercise and Health Science,251,AQA,309
23,AL751,Digital Marketing,241,AQA,304
24,AL752,Business,223,216,308
25,AL761,Hotel and Leisure Management,AQA,214,301
26,AL763,Graphic Design (portfolio),642,216,#575
27,AL764,Early Years Care and Education,260,204,#747
28,AL765,Applied Social Studies in Social Care,300,216,306
29,AL801,Software Design for Virtual Reality and Gaming,300,223,484*
30,AL802,Software Design in Artificial Intelligence for Cloud Computing,313,228,307
31,AL803,Software Design for Mobile Apps and Connected Devices,350,252,260
32,AL805,Computer Engineering for Network Infrastructure,321,218,#700
33,AL810,Quantity Surveying,328,214,292
34,AL811,Civil Engineering,,233,250
35,AL820,Mechanical and Polymer Engineering,327,250,270
36,AL830,General Nursing,451,400,270
37,AL832,Mental Health Nursing,440,244,266
38,AL835,Pharmacology,356,250,307
39,AL836,Nutrition and Health Science,346,241,430
40,AL837,Sports Science with Exercise Physiology,357,225,388
41,AL838,Biotechnology,324,208,451
42,AL839,Microbiology,325,781,272
43,AL840,Pharmaceutical Sciences,346,260,295
44,AL841,Athletic and Rehabilitation Therapy,477,280,293
45,AL842,Bioveterinary Science,338,303,292
46,AL843,Physical Activity and Health Science,306,332,291
47,AL849,Culinary Entrepreneurship,297,337,260
48,AL850,Business,309,333,291
49,AL851,Business and Law,302,319,465
50,AL852,Accounting,336,320,330
51,AL854,Sport Management (with international placement),300,308,280
52,AL855,Hospitality Management (with international placement),309,442,371
53,AL857,Digital Marketing,304,387,318
54,AL859,International Business,308,334,292
55,AL860,Social Care Practice,301,351,246
56,AL861,Animation and Illustration (portfolio),575,307,290
57,AL863,Graphic and Digital Design (portfolio),747,325,360
58,AL864,Early Years Care and Education,306,347,247
59,AL870,Applied Psychology,484,430,269
60,CW006,Business,171,313,#700
61,CW018,Business (options),307,306,272
62,CW027,Sustainable Farm Management and Agribusiness,236,309,270
63,CW028,Early Childhood Education and Care,260,295,319
64,CW037,Business (options),279,309,263
65,CW038,Art (portfolio),#700,302,262
66,CW047,Visual Communications and Design,241,308,243
67,CW048,Creative Computing and Digital Innovation,,304,443
68,CW057,Art (portfolio),#700,300,431
69,CW058,Tourism and Event Management,292,578,434
70,CW068,Applied Social Studies in Professional Social Care,250,781,396
71,CW077,Tourism and Event Management,223,307,336
72,CW078,Sustainable Farm Management and Agribusiness,270,418,390
73,CW087,Creative Computing and Digital Innovation,,510,365
74,CW088,Visual Communications and Design,270,441,#904
75,CW106,Physiology and Health Science,451,440,#1028
76,CW107,Analytical Science,261,328,#525
77,CW108,Science (options),266,408,350
78,CW116,Pharmacy Technician Studies,224,419,#450
79,CW117,Biosciences,215,336,#400
80,CW126,Science - Applied Biology or Applied Chemistry,251,300,#435
81,CW128,Brewing and Distilling,307,309,260
82,CW138,Sport and Exercise Science,430,306,347
83,CW148,Strength and Conditioning,388,310,590*
84,CW188,Sport Rehabilitation and Athletic Therapy,451,301,466
85,CW206,Computing - Applications or Programming,236,311,425
86,CW207,Software Development,245,300,473
87,CW208,Computer Games Development,272,412,327
88,CW217,Information Technology Management,269,302,301
89,CW227,Cybercrime and IT Security,220,368,262
90,CW237,Computing in Interactive Digital Art and Design,227,328,368
91,CW238,Software Development,295,401,315
92,CW248,Information Technology Management,293,318,290
93,CW258,Cybercrime and IT Security,292,452,279
94,CW268,Computing in Interactive Digital Art and Design,291,419,402
95,CW407,Architectural Technology,234,330,410
96,CW417,Construction Management with Building Services,225,423,409
97,CW427,Civil Engineering,208,,475
98,CW438,Construction (options),260,,320
99,CW468,Architectural Technology,291,336,444
100,CW478,Civil Engineering,465,533,375
101,CW507,Aircraft Systems,293,466,431
102,CW517,Mechanical Engineering,290,337,375
103,CW527,Electronic Engineering,226,308,300
104,CW547,TV and Media Production,303,463,342
105,CW548,Mechanical Engineering,330,510,329
106,CW558,Electronic Systems,280,477,#280
107,CW568,Aerospace Engineering,371,509,246
108,CW578,TV and Media Production,318,430,#609
109,CW706,Legal Studies,174,556,518*
110,CW707,Industrial Design,241,445,300
111,CW708,Law - LLB,292,420,434
112,CW717,Professional Social Care Practice,271,388,#339
113,CW728,Product Design Innovation,246,402,421
114,CW748,Early Childhood Education and Care,290,484,312
115,CW758,Professional Social Care Practice,360,397,440*
116,CW807,Sport Coaching and Business Management - GAA (portfolio),700,444,367
117,CW808,Media and Public Relations,247,462,488
118,CW817,Sport Coaching and Business Management - Rugby (portfolio),700,346,409
119,CW827,Sport Coaching and Business Management - Soccer (portfolio),700,507,#371
120,CW837,Digital Marketing with Analytics,215,542,464
121,CW848,Digital Marketing with Analytics,269,540,347
122,CW858,"Sports Management and Coaching (options, portfolio)",700,556,544
123,CW906,Business,164,468,499
124,CW908,Business (options),272,510,399
125,CW917,Business (options),228,467,308
126,CW926,Business with Law,204,487,473
127,CW936,Accounting,207,485,564
128,CW938,Business with Law,270,566,500
129,CW948,Accounting,319,554,553
130,PC402,Arts and Humanities,203,432,455
131,PC404,Applied Social Studies - Professional Social Care,200,510,566*
132,PC405,"Social, Political and Community Studies",263,496,465
133,PC410,Arts and Humanities (fulfils Teaching Council requirements),262,518,466
134,PC411,English and History (fulfils Teaching Council requirements),243,441,423
135,CR001,Applied Physics and Instrumentation,292,487,488
136,CR006,Applied Biosciences,420,484,507
137,CR007,Analytical and Pharmaceutical Chemistry,272,731,385
138,CR010,Agriculture (Year 1 - 2 days in Clonakilty Agri College and 3 days in CI,336,613,445
139,CR016,Software Development,351,590,466
140,CR021,Business (Common Entry),253,566,332
141,CR022,Business Administration,172,520,533
142,CR031,Social Care Work,360,454,545
143,CR032,Recreation and Leisure Management,343,542,588
144,CR035,Community Development,133,454,589*
145,CR041,Tourism Management,212,533,503
146,CR042,Hospitality Management,205,423,555*
147,CR046,Automotive Technology and Management,227,419,500
148,CR051,Civil Engineering,261,484,543
149,CR052,Construction,270,57,532
150,CR053,Interior Architecture,375,484,566
151,CR055,Environmental Engineering,297,,566
152,CR061,Electronic Engineering,300,528,465
153,CR062,Electrical Engineering,320,494,531
154,CR071,Mechanical Engineering,263,319,506
155,CR075,Biomedical Engineering,315,327,555
156,CR090,Architectural Technology,308,250,463
157,CR094,Nautical Science at National Maritime College of Ireland,256,361,510
158,CR095,Marine Engineering at National Maritime College of Ireland,234,240,543
159,CR105,Chemical and Biopharmaceutical Engineering,443,321,#738
160,CR106,Software Development,431,307,625*
161,CR108,Mechanical Engineering,434,255,613*
162,CR109,Structural Engineering,396,190,601*
163,CR110,Automotive Business Management and Technology,336,346,568
164,CR112,Creative Digital Media at CIT Crawford College of Art and Design,390,298,500
165,CR116,Computer Systems,365,100,578*
166,CR121,Music at CIT Cork School of Music,904,216,498*
167,CR125,Popular Music at CIT Cork School of Music,1028,208,565
168,CR130,Musical Theatre at CIT Cork School of Music,525,216,455
169,CR150,Business Information Systems,350,248,431
170,CR210,"Contemporary Applied Art (Ceramics, Glass, Textiles) at CIT Crawford",450,251,509*
171,CR220,Fine Art at CIT Crawford College of Art and Design,400,308,294
172,CR225,Photography with New Media at CIT Crawford College of Art and Design,435,258,271
173,CR300,Physical Sciences (Common Entry),260,260,242
174,CR305,Physical Sciences (Common Entry),260,300,253
175,CR310,IT Management,347,261,508
176,CR320,Biomedical Science - Offered jointly by CIT and UCC,590,306,#462
177,CR325,Pharmaceutical Biotechnology,466,266,#513
178,CR333,Nutrition and Health Science,425,243,#480
179,CR335,Biological Sciences (Common Entry),473,255,382
180,CR340,Analytical Chemistry with Quality Assurance,327,443,317
181,CR360,Instrument Engineering,301,411,234
182,CR365,Environmental Science and Sustainable Technology,262,434,
183,CR370,Agri-Biosciences,368,394,267
184,CR400,Accounting,315,311,217
185,CR420,Marketing,290,361,243
186,CR425,International Business with Language,279,332,239
187,CR430,Sport and Exercise Management,402,868,242
188,CR440,Montessori Education,409,1088,233
189,CR500,Engineering (Common Entry),475,801,307
190,CR510,Sustainable Energy Engineering,320,838,243
191,CR520,Biomedical Engineering,444,840,247
192,CR560,Architectural Technology,375,841,288
193,CR565,Interior Architecture,431,548,244
194,CR570,Quantity Surveying,375,335,254
195,CR572,Construction Management,300,#+matric,288
196,CR580,Electrical Engineering,342,#+matric,244
197,CR590,Electronic Engineering,329,#+matric,262
198,CR600,Visual Communications at CIT Crawford College of Art and Design,280,282,245
199,CR620,Early Childhood Education and Care,397,282,254
200,CR640,Culinary Arts,220,297,240
201,CR650,Beverage Industry Management,193,565,445
202,CR655,Culinary Studies,196,398,518*
203,CR657,Hospitality Studies,171,402,#489
204,CR660,Tourism Management,246,420,#451
205,CR700,Theatre and Drama Studies at CIT Cork School of Music,609,251,356
206,CR805,Marine Electrotechnology at National Maritime College of Ireland,229,261,384
207,CR888,Information Technology,300,253,409
208,CR930,Home Economics and Business,518,397,409
209,CK101,Arts - 3 years,300,316,413
210,CK102,Social Science,434,285,#311
211,CK104,Arts with Music - 3 or 4 years (BMus or Chinese/European/Int`l Pathway),339,298,498
212,CK105,Film and Screen Media - 3 years or 4 years (International Pathway),421,322,511
213,CK107,Geographical and Archaeological Sciences - 3 or 4 years (Int`l Pathway),312,288,542*
214,CK108,Arts International - 4 years,440,411,484
215,CK109,English - 3 years or 4 years (International Pathway),367,320,544
216,CK110,World Languages,488,444,544
217,CK111,Early Years and Childhood Studies,409,308,613*
218,CK112,Theatre and Performative Practices - 3 or 4 years (Int`l Pathway),371,359,484
219,CK113,Criminology - 3 years or 4 years (International Pathway),464,336,368
220,CK114,Social Science (Youth and Community Work),#,269,601
221,CK115,Social Work - Mature Applicants only,,318,403
222,CK118,Digital Humanities and IT - 3 or 4 years (Work Exper. or Int`l Pathway),347,303,475
223,CK120,Applied Psychology,544,#+matric,501
224,CK121,Psychology and Computing - 3 or 4 years (Work Experience Pathway),499,365,577*
225,CK122,Government and Political Science,399,244,541
226,CK123,Anthropology,308,209,421
227,CK124,Education - Gaeilge,473,189,452
228,CK125,Sports Studies and Physical Education,564,180,435
229,CK201,Commerce,500,252,427
230,CK202,Accounting,553,740,498
231,CK203,Business Information Systems,455,235,531*
232,CK204,Finance,566,290,466*
233,CK205,Commerce (International) with French,465,210,423*
234,CK206,Commerce (International) with German,466,219,543*
235,CK207,Commerce (International) with Italian,423,220,400
236,CK208,Commerce (International) with Hispanic Studies,488,338,530
237,CK209,Commerce (International) with Irish,507,AQA,530
238,CK211,Commerce (International) with Chinese Studies,385,298,488
239,CK212,Economics (through Transformational Learning) 3 or 4 years Int`l Pathway,445,266,490
240,CK213,Food Marketing and Entrepreneurship,466,252,476
241,CK214,International Development,332,195,500
242,CK301,Law (Pathways) -  3 or 4 years,533,700,510
243,CK302,Law and French,545,214,511
244,CK304,Law and Irish,588,700,511
245,CK307,Law and Business,589,298,462
246,CK401,Computer Science,503,245,558
247,CK402,Biological and Chemical Sciences,555,217,565
248,CK404,"Biological, Earth and Environmental Sciences",500,269,521
249,CK405,Genetics,543,274,521
250,CK406,Chemical Sciences,532,451,565
251,CK407,Mathematical Sciences,566,277,477
252,CK408,Physics and Astrophysics,566,261,506
253,CK409,Industrial Physics - Offered jointly by UCC and CIT,465,250,456*
254,CK411,Data Science and Analytics,531,205,420
255,CK412,Agricultural Science,506,191,382
256,CK504,Nutritional Sciences,555,263,521*
257,CK505,Food Science,463,423,431
258,CK600,Engineering,510,379,398
259,CK606,Architecture - Offered jointly by UCC and CIT,543,451,469
260,CK701,Medicine (Undergraduate Entry - HPAT required),738,235,302
261,CK702,Dentistry,625,244,387
262,CK703,Pharmacy,613,279,499
263,CK704,Occupational Therapy,601,234,509
264,CK705,Speech and Language Therapy,568,233,350
265,CK706,Public Health Sciences,500,212,400
266,CK707,Medical and Health Sciences,578,297,379
267,CK710,General Nursing,498,285,475
268,CK712,Children`s and General Nursing (Integrated),565,293,349
269,CK720,Mental Health Nursing,455,287,254
270,CK730,Intellectual Disability Nursing,431,188,220
271,CK740,Midwifery,509,220,418
272,CK791,Medicine  - Graduate Entry (GAMSAT required),60,199,#591
273,AC120,International Business,294,272,#574
274,AC137,Liberal Arts,271,262,#989
275,CT125,Computing and IT,242,433,#671
276,CT325,Business,253,293,235
277,CM001,Education - Primary Teaching,508,276,298
278,CM002,Education - Primary Teaching - Gaeltacht Applicants,462,227,#713
279,CM003,Oideachas - Bunmhúinteoireacht Trí Mheán na Gaeilge,513,301,#757
280,CM004,Oideachas - Bunmhúinteoireacht Trí Mheán na Gaeilge (daltaí Gaeltachta),480,321,210
281,CM010,Education Studies,382,280,277
282,CM020,Early Childhood Education,317,380,#987
283,DS602,Higher Certificate in Science in Computing Level 6 (2 years),120,325,#566
284,DS701,Bachelor of Business Level 7 (3 years),136,163,#628
285,DS702,BSc in Computing Level 7 (3 years),136,207,269
286,DB500,Computing,234,302,260
287,DB501,Computing (Cloud Computing),,288,300
288,DB502,Computing (Data Analytics and Big Data),267,252,264
289,DB503,Computing (Software Development),,270,
290,DB504,Computing (Web and Mobile Technology),,336,377
291,DB510,Audio Production and Music Project Management,217,700,289
292,DB512,Business Studies,243,251,250
293,DB514,Business Studies (Law),239,700,242
294,DB515,Business Studies (Human Resource Management),242,700,245
295,DB517,Marketing (Event Management),233,200,264
296,DB518,Marketing (Digital Media),307,254,251
297,DB521,Accounting and Finance,243,700,225
298,DB524,Business (Information Systems),247,177,#300
299,DB525,Marketing (Digital Media and Cloud Computing),288,280,#288
300,DB526,Business (Cloud Computing),244,224,#351
301,DB527,Applied Social Care,254,210,210
302,DB528,Applied Social Care,146,231,#554
303,DB531,Marketing,288,283,#538
304,DB534,Sound Engineering and Music Production,139,300,#505
305,DB562,Psychology,244,218,#591
306,DB563,Arts,143,227,#514
307,DB566,Social Science,262,341,#760
308,DB567,Film and Creative Media,245,225,#413
309,DB568,Law,254,,337
310,DB569,Business (Psychology),240,234,#738
311,DB571,Business Studies,113,218,#444
312,DB572,Business (Accounting),141,252,271
313,DB573,Business (Marketing),169,244,301
314,DB574,Business (Information Technology),173,,300
315,DB576,Film and Creative Media,101,238,420
316,DC001,Education - Early Childhood Education,445,225,270
317,DC002,Education - Primary Teaching,518,342,330
318,DC003,Education - Primary Teaching - Gaeltacht Applicants,489,347,266
319,DC004,Education - Primary Teaching (Church of Ireland Centre formerly CICE),451,234,251
320,DC009,Arts (Joint Honours) - Humanities,356,AQA,#741
321,DC010,Post Primary Teacher Education - Religious Education and English,384,293,589*
322,DC011,Post Primary Teacher Education - Religious Education and History,409,AQA,613*
323,DC012,Post Primary Teacher Education - Religious Education and Music,409,243,262
324,DC013,Post Primary Teacher Ed - Gaeilge with French/German/Spanish,413,161,228
325,DC014,BA in Jazz and Contemporary Music Performance (audition),311,220,235
326,DC110,Business Studies International,498,218,309
327,DC111,Business Studies,511,219,270
328,DC112,Global Business (France),542,252,466
329,DC113,Global Business (Germany),484,173,274
330,DC114,Global Business (Spain),544,119,271
331,DC115,Accounting and Finance,544,117,440
332,DC116,Global Business (USA),613,136,278
333,DC117,Aviation Management / Aviation Management with Pilot Studies,484,AQA,253
334,DC118,Gnó agus Gaeilge / Business and Irish,368,440,300
335,DC119,Global Business (Canada),601,488,248
336,DC120,Computing for Business,403,445,423
337,DC121,Computer Science,475,411,#644
338,DC123,Data Science,501,376,396
339,DC126,Actuarial Mathematics,577,441,315
340,DC127,Common Entry into Actuarial and Financial Mathematics,541,412,330
341,DC131,Communication Studies,421,378,411
342,DC132,Journalism,452,419,413
343,DC133,Multimedia,435,419,307
344,DC155,Applied Language and Translation Studies,427,465,400
345,DC161,Analytical Science,498,488,477
346,DC162,Chemical and Pharmaceutical Sciences,531,517,510
347,DC163,Chemical Sciences General Entry (Undenominated Entry),466,462,322
348,DC166,Environmental Science and Technology,423,522,499
349,DC168,Genetics and Cell Biology,543,510,403
350,DC175,Physics General Entry (options),400,579,395
351,DC180,Biological Sciences General Entry (Undenominated Entry),530,476,251
352,DC181,Biotechnology,530,359,270
353,DC190,Electronic and Computer Engineering (with choice of four majors),488,564,235
354,DC193,Mechatronic Engineering,490,357,262
355,DC194,Sustainable Systems and Energy,476,400,282
356,DC195,Mechanical and Manufacturing Engineering,500,465,500
357,DC197,Biomedical Engineering,510,560,235
358,DC200,Common Entry into Engineering (Undenominated Entry),511,532,522
359,DC202,Sport Science and Health,511,407,576
360,DC203,Science Education,462,429,542
361,DC204,Athletic Therapy and Training,558,411,387
362,DC205,Physical Education with Biology,565,387,601*
363,DC206,Physical Education with Mathematics,521,498,532
364,DC207,Psychology and Mathematics,521,521,487
365,DC208,Psychology,565,433,294
366,DC209,Health and Society,477,512,451
367,DC210,Psychology and Disruptive Technologies,506,419,445
368,DC215,General Nursing,456,499,314
369,DC216,Mental Health Nursing,420,413,339
370,DC217,Intellectual Disability Nursing,382,411,346
371,DC218,Children`s and General Nursing (Integrated),521,425,412
372,DC230,"Economics, Politics and Law",431,423,309
373,DC231,International Relations,398,422,380
374,DC232,Law and Society (BCL),469,498,270
375,DC235,Education and Training - Daytime and Flexible Delivery Mode (full-time),302,500,477
376,DC238,Social Sciences and Cultural Innovation,387,435,462
377,DC240,"Marketing, Innovation and Technology",499,522,460
378,DC241,Digital Business and Innovation,509,531,386
379,DC291,Arts (Joint Honours) - Media Studies,350,499,300
380,DC292,Arts (Joint Honours) - Law,400,532,420
381,DC293,Arts (Joint Honours) - International Languages,379,465,331
382,DC294,Climate and Environmental Sustainability,475,454,322
383,DC295,Arts (Joint Honours) - Politics,349,418,356
384,DL701,Business - Applied Entrepreneurship,162,370,463
385,DL822,Arts Management,254,500,219
386,DL823,Business Management,220,435,270
387,DL825,Applied Psychology,418,397,230
388,DL826,Graphic Design,591,466,412
389,DL827,Art,574,309,307
390,DL832,Animation,989,377,307
391,DL833,Photography and Visual Media,671,430,211
392,DL836,Creative Computing,235,476,251
393,DL837,New Media Studies,298,376,300
394,DL838,Creative Music Production,713,403,484
395,DL839,Interaction and User Experience Design,757,377,311
396,DL840,Digital Marketing,210,376,252
397,DL841,English and Equality Studies,277,120,261
398,DL843,Film,987,191,336
399,DL844,Television,566,100,244
400,DL845,Design for Film (degree options),628,106,309
401,GC200,Business,269,144,308
402,GC201,Accounting and Finance,260,165,326
403,GC230,Computing Science,300,332,275
404,GC250,Communications and Media Production,,120,#536
405,GC300,Business,264,179,#448
406,GC301,Accounting and Finance,,166,#364
407,GC302,Business - HRM,377,190,357
408,GC307,Business (Marketing),289,176,298
409,GC335,Computing,171,175,#700
410,GC400,Business,250,182,#549
411,GC401,Accounting and Finance,242,233,#544
412,GC402,Business (HRM),,240,#700
413,GC403,Law,245,261,299
414,GC407,Business (Marketing),264,165,280
415,GC410,Marketing,122,190,369
416,GC411,Business,180,,462
417,GC430,Computing Science,251,358,414
418,GC435,Computing,108,349,367
419,GC450,Communications and Media Production,225,399,270
420,GC460,Music Production for Games (portfolio),,305,326
421,GC462,Design Communication (portfolio),300,300,251
422,GC465,Communications,118,311,378
423,GC466,Film and TV Production,121,302,407
424,GC470,Photographic Media,163,307,320
425,GC475,Photography,125,336,508
426,GC489,Interior Architecture (portfolio),288,389,552
427,GC490,Interior Design,137,387,590*
428,GC494,Fashion Design (portfolio),351,340,510
429,GC495,Fashion,110,305,601*
430,BY001,Business,210,304,564*
431,BY002,Business,347,391,#496
432,ID001,Accounting and Finance,,317,613*
433,ID002,Business Studies,,532,389
434,AD101,"First Year Art and Design (Common Entry,portfolio)",554,302,602*
435,AD102,Graphic Design and Moving Image Design (portfolio),538,301,577
436,AD103,Textile and Surface Design and Jewellery and Objects (portfolio),505,308,467
437,AD202,"Education and Design or Fine Art (Second Level Teaching,portfolio))",591,300,377
438,AD204,Fine Art (portfolio),514,301,546
439,AD211,Fashion Design (portfolio),760,403,566
440,AD212,Product Design (portfolio),413,336,#543
441,AD215,Visual Culture,337,356,498
442,AD217,Illustration (portfolio),738,321,579
443,AD222,Interaction Design (portfolio),444,440,556
444,NC003,Computing (Degree Award options),271,328,566*
445,NC005,Human Resource Management,301,310,625*
446,NC009,Business,300,358,590
447,NC010,Psychology,420,,589*
448,NC020,Marketing Practice,270,,443
449,NC022,Accounting and Finance,330,301,520
450,NC023,Technology Management (with specialisations),266,330,417
451,NC030,Early Childhood Education and Care,251,AQA,531
452,NC102,Computing,225,212,498
453,NC103,Business,252,229,#743*
454,NC104,Business Computing,242,235,625*
455,RC001,Medicine - Undergraduate Entry (HPAT required),741,379,590*
456,RC004,Physiotherapy,589,855,578*
457,RC005,Pharmacy,613,572,577
458,RC101,Medicine - Graduate Entry (GAMSAT required),,506,601*
459,NM701,Montessori Education,137,593,578*
460,NM801,Montessori Education,262,939,558
461,NM802,Psychology,228,781,495
462,TU605,Electronic and Information Engineering,190,920,554
463,TU606,Mechanical Engineering (General Entry),192,650,555
464,TU641,Bar and Restaurant Management,243,990,613*
465,TU642,Culinary Arts (Cuisine and Wellness),154,219,613*
466,TU643,Culinary Arts (Professional Cookery Practice),242,201,577
467,TU644,Food Management and Entrepreneurship,250,754,497
468,TU645,Food Science and Management,251,683,564
469,TU651,Applied Biology,361,228,530
470,TU652,Computing,240,276,487
471,TU654,Pharmacy Technician Studies,350,510,391
472,TU655,Computing (Networking Technologies) Learn and Work,502,407,566
473,TU670,Business (campus options),224,407,462
474,TU673,Business Management,301,531,#473
475,TU674,Business Studies,307,533,442
476,TU675,Marketing,301,510,412
477,TU676,Retail Management and Marketing,290,601,531*
478,TU701,Automation Engineering,243,440,521
479,TU702,Sustainable Energy and Environmental Engineering,249,456,555
480,TU703,Building Engineering,273,410,463
481,TU704,Civil Engineering,260,418,445
482,TU705,Electrical and Control Engineering,272,477,565*
483,TU706,Electrical Services Engineering,245,531,577
484,TU708,Engineering (Common Entry with Award options),AQA,311,554
485,TU709,Engineering (General Entry),400,297,613*
486,TU711,Mechatronic Engineering,225,589,510
487,TU713,Computer Engineering,222,,454
488,TU714,Electronics and Communications Engineering,262,478,531
489,TU716,Networking Technology,249,737,566
490,TU717,Mechanical Engineering,301,,#601*
491,TU719,"Design,Technology and Innovation",261,534,521
492,TU720,Automotive Management and Technology,232,,#743*
493,TU721,Aviation Technology,302,578,566*
494,TU722,Process Instrumentation and Automation Learn and Work (Test&Interview),346,510,601*
495,TU725,Mechanical Engineering (General Entry),222,455,544
496,TU726,Electronic Engineering (General Entry),215,590,484
497,TU731,"Auctioneering, Valuation and Estate Agency",330,429,613*
498,TU735,Sports Management and Coaching,270,509,462*
499,TU736,Sports Science and Health,484,489,533
500,TU737,Sports Studies,250,397,510
501,TU741,Baking and Pastry Arts Management,231,310,442
502,TU742,Culinary Arts,158,340,381
503,TU745,Hospitality Management,252,303,397
504,TU746,International Hospitality and Tourism Management,157,546,320
505,TU747,Tourism Management,263,545,576
506,TU751,Biosciences,418,521,573
507,TU752,DNA and Forensic Analysis,500,517,555
508,TU754,Industrial and Environmental Physics,273,613,555
509,TU755,Science (General Entry),361,421,625*
510,TU756,Computing,201,498,475
511,TU757,Computing (Information Technology),227,530,534
512,TU758,Digital Forensics and Cyber Security,223,378,566
513,TU760,Bioanalysis,360,,421
514,TU761,Ophthalmic Dispensing,316,,307
515,TU762,Medicinal Chemistry and Pharmaceutical Sciences,320,,301
516,TU763,Pharmaceutical Science,391,,309
517,TU772,Business (options),AQA,163,320
518,TU780,Advertising and Marketing Communications,201,250,320
519,TU781,Digital Marketing,223,250,305
520,TU782,Digital Marketing,200,277,368
521,TU787,Business (options),200,281,358
522,TU788,Accounting and Finance (campus options),231,278,404
523,TU790,Early Childhood Care and Education (campus options),223,278,336
524,TU791,Applied Social Studies in Social Care,320,309,331
525,TU792,Community and Youth Development,AQA,287,371
526,TU795,Visual Merchandising and Display,618,296,303
527,TU796,Creative Digital Media,224,307,302
528,TU801,Sustainable Energy Engineering,235,293,322
529,TU802,Electrical Services and Energy Management,309,280,336
530,TU804,Engineering (Common Entry with Award options),270,281,308
531,TU805,Engineering (General Entry),466,188,352
532,TU807,Computer Engineering in Mobile Systems,274,702,440*
533,TU810,Mechatronic Engineering,271,251,367
534,TU811,Product Design,440,304,398
535,TU812,"Design,Technology and Innovation",278,220,300
536,TU814,Sustainable Transport Management,253,679,482
537,TU828,Mechanical Engineering (General Entry),300,303,301
538,TU829,Electronic Engineering (General Entry),248,,342
539,TU831,Architectural Technology,423,172,373
540,TU832,Architecture (Suitability Test and Interview),644,193,348
541,TU833,Construction Management,396,240,379
542,TU834,Geographic Science,315,252,377
543,TU835,Planning and Environmental Management,330,198,303
544,TU836,Property Economics (Valuation Surveying),411,206,285
545,TU837,Quantity Surveying and Construction Economics,413,172,298
546,TU838,Sustainable Timber Technology,307,219,300
547,TU851,"Analytical Chemistry (Environmental, Forensic and Pharmaceutical)",400,242,318
548,TU852,Chemical Sciences with Medicinal Chemistry,477,278,287
549,TU854,Science (General Entry),510,206,291
550,TU855,Science with Nanotechnology,322,212,310
551,TU856,Computer Science,499,244,252
552,TU857,Computer Science (Infrastructure),403,200,#790
553,TU858,Computer Science (International),395,226,331
554,TU859,Computing,251,241,406
555,TU860,Computing (Information Technology),270,260,218
556,TU861,Computing with Language (French/German/Spanish),235,288,252
557,TU862,Computing with Artificial Intelligence Machine Learning,262,265,235
558,TU863,Digital Forensics and Cyber Security,282,290,230
559,TU864,DNA and Forensic Analysis,500,224,302
560,TU865,Cloud Computing,235,300,304
561,TU866,Biomedical and Molecular Diagnostics,522,265,281
562,TU867,Biomedical Science,576,260,377
563,TU868,Clinical Measurement Science,542,298,300
564,TU869,Environmental Health,387,298,400
565,TU870,Human Nutrition and Dietetics,601,290,312
566,TU871,Optometry,532,235,331
567,TU872,Public Health Nutrition,487,330,304
568,TU874,Mathematical Sciences,294,293,413
569,TU875,Pharmaceutical Healthcare,451,313,336
570,TU876,Pharmaceutical Science,445,309,366
571,TU877,Physics Technology,314,340,381
572,TU878,Physics with Energy and Environment,339,309,356
573,TU879,Physics with Medical Physics and Bioengineering,346,280,301
574,TU880,Physics with Data Science,412,280,445
575,TU881,Food Innovation,309,280,517
576,TU882,Nutraceuticals in Health and Nutrition,380,299,408
577,TU902,Business (options),270,289,310
578,TU903,Business and Management,477,260,270
579,TU904,Business and Law,462,241,340
580,TU905,Economics and Finance,460,281,376
581,TU906,Human Resource Management,386,327,368
582,TU907,Logistics and Supply Chain Management,300,337,440*
583,TU910,Accounting,420,336,369
584,TU912,Business Analytics,331,363,269
585,TU914,Business Computing,322,372,201
586,TU917,Law (LLB ) with a Language,356,473,265
587,TU918,Law (LLB),463,317,281
588,TU919,Advertising and Marketing Communications,219,270,261
589,TU920,Digital Marketing,270,274,410
590,TU921,Digital Marketing Technologies,230,287,346
591,TU922,Marketing,412,356,360
592,TU924,E-Commerce in Retailing,307,368,486
593,TU925,Retail and Services Management,307,178,327
594,TU932,Business (options),211,214,564
595,TU933,Accounting and Finance (campus options),251,182,357
596,TU935,Sports Management and Coaching,300,190,413
597,TU936,Sports Science and Health,484,196,387
598,TU941,Botanical Cuisine,311,244,421
599,TU942,Culinary Arts,252,429,413
600,TU943,Culinary Entrepreneurship,261,367,300
601,TU944,Culinary Science,336,252,453
602,TU951,International Hospitality and Tourism Management,244,244,484
603,TU952,International Hospitality Management,309,266,410
604,TU953,Tourism and Digital Marketing,308,270,419
605,TU954,Event Management,326,244,403
606,TU955,Sports and Leisure Management,275,214,430
607,TU961,Commercial Modern Music (BIMM - assessment/audition),536,377,346
608,TU962,"Drama (Performance, audition)",448,284,465
609,TU963,Music (audition),364,,462
610,TU965,International Business and Languages,357,252,465
611,TU967,Languages and International Tourism,298,303,454
612,TU973,Design - Visual Communication (portfolio),700,335,425
613,TU974,Fine Art (portfolio),549,,442
614,TU975,Interior Design (portfolio),544,429,526
615,TU976,Photography (portfolio),700,253,476
616,TU978,Creative Industries and Visual Culture,299,,520
617,TU981,Creative Digital Media,280,253,518
618,TU982,Media Production and Digital Arts,369,253,506
619,TU983,Film and Broadcasting,462,217,509
620,TU984,Game Design,414,248,543
621,TU985,Journalism,367,240,508
622,TU989,Early Childhood Care and Education (campus options),270,264,551
623,TU991,Applied Social Studies in Social Care,326,244,510
624,TU992,Community Development and Youth Work,251,280,542
625,TU995,Early Childhood Education,378,145,565
626,TU996,Social Care,407,135,506
627,TU997,Applied Social Care,320,252,548
628,TR002,Music,508,AQA,#503
629,TR003,History,552,254,#709
630,TR004,Law,590,,489
631,TR005,Philosophy,510,,613
632,TR006,Psychology,601,AQA,498
633,TR007,Clinical Speech and Language Studies,564,AQA,431
634,TR009,Music Education,496,169,509
635,TR015,"Philosophy, Political Science, Economics and Sociology",613,150,467
636,TR016,Deaf Studies,389,254,412
637,TR018,Law and French,602,117,422
638,TR019,Law and German,577,337,555
639,TR021,"Classics, Ancient History and Archaeology",467,129,543
640,TR022,Early and Modern Irish,377,300,465
641,TR023,English Studies,546,523,532
642,TR024,European Studies,566,301,485
643,TR025,Drama and Theatre Studies,543,409,495
644,TR028,Ancient and Medieval History and Culture,498,403,522
645,TR031,Mathematics,579,357,533
646,TR032,Engineering,556,330,541
647,TR033,Computer Science,566,321,555
648,TR034,Management Science and Information Systems Studies,625,368,554
649,TR035,Theoretical Physics,590,387,431
650,TR038,Engineering with Management,589,451,509
651,TR039,"Computer Science, Linguistics and a Language",443,400,433
652,TR040,Middle Eastern and European Languages and Cultures,520,350,#737*
653,TR041,Religion,417,356,601
654,TR042,Film,531,361,578
655,TR043,History of Art and Architecture,498,358,531
656,TR051,Medicine (HPAT required),743,454,502
657,TR052,Dental Science,625,328,475
658,TR053,Physiotherapy,590,391,520
659,TR054,Occupational Therapy,578,401,312
660,TR055,Radiation Therapy,577,352,288
661,TR056,Human Health and Disease,601,420,261
662,TR060,Biological and Biomedical Sciences,578,408,300
663,TR061,Chemical Sciences,558,360,290
664,TR062,Geography and Geoscience,495,407,#301
665,TR063,Physical Sciences,554,422,283
666,TR064,Environmental Science and Engineering,555,410,304
667,TR072,Pharmacy,613,433,262
668,TR080,Global Business,613,484,234
669,TR081,"Business, Economic and Social Studies (BESS)",577,489,300
670,TR084,Social Studies (Social Work),497,495,321
671,TR085,Business Studies and French,564,465,320
672,TR086,Business Studies and German,530,509,316
673,TR087,Business Studies and Russian,487,473,302
674,TR089,Business Studies and Polish,391,530,308
675,TR090,Business Studies and Spanish,566,487,429*
676,TR091,General Nursing (Meath and St James`s),462,499,367*
677,TR093,General Nursing (Adelaide School of Nursing),473,520,357
678,TR095,Mental Health Nursing,442,509,288
679,TR097,Intellectual Disability Nursing,412,530,279
680,TR111,Ancient History and Archaeology/Geography,496,497,209
681,TR112,Ancient History and Archaeology/History,577,681,280
682,TR113,Ancient History and Archaeology/History of Art and Architecture,528,433,589
683,TR114,Ancient History and Archaeology/Modern Language,507,556,522
684,TR117,Ancient History and Archaeology/Religion,494,465,#485
685,TR166,Classical Civilisation/English Literature,552,408,409
686,TR173,Classical Civilisation/History of Art and Architecture,420,487,590
687,TR177,Classical Civilisation/Modern Language,484,419,434
688,TR179,Classical Civilisation/Philosophy,508,412,370
689,TR188,Computer Science/Business Studies,584,403,407
690,TR198,Economics/Geography,968,509,387
691,TR202,Economics/History,601,476,509
692,TR207,Economics/Mathematics,613,402,476
693,TR208,Economics/Modern Language,589,508,292
694,TR209,Economics/Philosophy,588,403,290
695,TR212,Economics/Sociology,589,465,325
696,TR214,Social Policy/Economics,611,455,#794
697,TR228,Classical Languages/English Literature,555,454,#914
698,TR230,Classical Languages/Linguistics,501,510,#993
699,TR231,Classical Languages/History of Art and Architecture,613,509,263
700,TR233,"Classical Languages/Middle Eastern,Jewish and Islamic Civilisations",583,403,331
701,TR239,Classical Languages/Modern Language,543,502,300
702,TR240,Computer Science/Geography,482,405,298
703,TR241,Computer Science/Linguistics,495,728,255
704,TR262,English Literature/History,576,555,280
705,TR263,English Literature/History of Art and Architecture,571,543,226
706,TR269,English Literature/Philosophy,555,443,260
707,TR272,English Literature/Sociology,553,476,317
708,TR276,English Literature/Drama Studies,555,440,326
709,TR277,English Literature/Modern Language,554,495,308
710,TR311,Film/Drama Studies,578,203,278
711,TR312,Film/English Literature,576,294,300
712,TR320,Film/Music,584,740,264
713,TR322,Geography/History,578,880,391
714,TR323,Drama Studies/Modern Language,495,942,498
715,TR324,Film/Modern Language,577,262,252
716,TR325,Film/History,578,241,361
717,TR326,Geography/Modern Language,451,270,378
718,TR328,Political Science/Geography,564,307,261
719,TR332,Geography/Sociology,522,300,374
720,TR443,History/History of Art and Architecture,581,298,271
721,TR447,History/Modern Language,576,234,279
722,TR449,History/Philosophy,579,205,262
723,TR454,History/Religion,,217,272
724,TR455,History of Art and Architecture/Modern Language,451,272,381
725,TR457,History/Political Science,576,225,328
726,TR479,History of Art and Architecture/Philosophy,509,205,391
727,TR482,Sociology/History of Art and Architecture,522,262,429
728,TR547,"Middle Eastern,Jewish and Islamic Civ./Ancient History and Archaeology",543,307,325
729,TR548,"Middle Eastern,Jewish and Islamic Civilisations/Classical Civilisation",544,255,377
730,TR554,"Middle Eastern,Jewish and Islamic Civilisations/History",576,282,337
731,TR563,"Middle Eastern,Jewish and Islamic Civilisations/Modern Language",590,294,309
732,TR564,"Middle Eastern,Jewish and Islamic Civilisations/Music",,288,357
733,TR565,"Middle Eastern,Jewish and Islamic Civilisations/Religion",999,206,298
734,TR580,Business Studies/Law,625,270,328
735,TR581,History/Law,625,264,309
736,TR582,Political Science/Law,625,326,228
737,TR587,"Middle Eastern,Jewish and Islamic Civilisations/Linguistics",,294,279
738,TR588,Linguistics/Modern Language,456,413,260
739,TR589,Linguistics/Philosophy,520,262,260
740,TR592,"Sociology/Middle Eastern,Jewish and Islamic Civilisations",531,329,289
741,TR597,Mathematics/Modern Language,613,289,#841
742,TR598,Mathematics/Music,625,307,279
743,TR599,Mathematics/Philosophy,625,261,#807
744,TR629,Music/Philosophy,533,298,309
745,TR635,Music/Drama Studies,532,297,360*
746,TR636,Music/Modern Language,530,232,451
747,TR638,Music/Religion,,280,474
748,TR639,Philosophy/Modern Language,520,214,#329
749,TR662,Philosophy/Sociology,531,208,420
750,TR663,Religion/Classical Civilisation,418,227,530
751,TR664,Religion/English Literature,968,200,530
752,TR665,Religion/History of Art and Architecture,369,272,432
753,TR666,Religion/Modern Language,,264,409
754,TR667,French/Modern Language,466,347,429
755,TR668,German/Modern Language,441,291,451
756,TR669,Irish/Modern Language,464,188,555*
757,TR670,Italian/Modern Language,462,367,468
758,TR671,Russian/Modern Language,501,307,410
759,TR672,Spanish/Modern Language,486,279,430
760,TR756,Sociology/Modern Language,522,252,464*
761,TR757,Modern Language/Social Policy,555,235,#401
762,TR758,Social Policy/Political Science,566,346,567
763,TR759,Sociology/Social Policy,554,297,446*
764,TR801,Dental Nursing,490,207,498*
765,TR802,Dental Hygiene,577,350,552
766,TR803,Dental Technology,543,413,506
767,TR911,Children`s and General Nursing (Integrated),531,309,521
768,TR913,Midwifery,521,325,367
769,DN100,Architecture,555,318,475
770,DN120,Landscape Architecture,463,317,425
771,DN130,City Planning and Environmental Policy,445,318,454
772,DN150,Engineering (Common Entry),565,303,465
773,DN200,Science (options),577,236,520
774,DN201,Computer Science (Common Entry),554,236,613*
775,DN230,Actuarial and Financial Studies,613,163,534
776,DN240,Sustainability,510,148,#429
777,DN250,Agricultural Science (options),454,297,441
778,DN261,Food Science,531,225,476
779,DN262,Human Nutrition,566,279,498*
780,DN300,Veterinary Medicine - Undergraduate Entry,601,236,445
781,DN301,Veterinary Medicine - Graduate Entry (GAMSAT required),#,197,402
782,DN310,Veterinary Nursing,521,274,382
783,DN400,Medicine - Undergraduate Entry (HPAT required),743,270,498*
784,DN401,Medicine - Graduate Entry (GAMSAT required),61,298,455
785,DN410,Radiography,566,157,489
786,DN411,Radiography - Graduate Entry,#,278,498*
787,DN420,Physiotherapy,601,278,478
788,DN425,Health and Performance Science,544,144,462
789,DN430,Sport and Exercise Management,484,297,521*
790,DN440,"Biomedical, Health and Life Sciences",613,852,294
791,DN450,General Nursing,462,192,564
792,DN451,Children`s and General Nursing (Integrated),533,234,381
793,DN452,Midwifery,510,808,338
794,DN453,Mental Health Nursing,442,260,554
795,DN520,Joint Honours (options),381,147,390
796,DN530,Humanities (options),397,195,324
797,DN541,Modern Languages (options),320,320,401
798,DN600,Law (options),576,242,490
799,DN610,Business and Law,573,348,451
800,DN650,Commerce,555,465,422
801,DN660,Commerce International (options),555,303,521
802,DN670,Economics and Finance,625,418,444
803,DN700,Social Sciences (options),475,490,543
804,DN710,Economics,534,500,529
805,DN720,Psychology,566,402,510
806,DN750,Social Policy and Sociology,421,369,452
807,DK710,Business and Management,120,442,351
808,DK711,Business and Technology,140,431,326
809,DK712,Digital Marketing and Public Relations,206,528,362
810,DK721,Computing,120,403,370
811,DK722,Augmented and Virtual Reality,207,379,476
812,DK730,Building Surveying,243,421,424
813,DK731,Architectural Technology,253,408,441
814,DK732,Construction Management,243,520,423
815,DK740,Engineering - Electrical and Electronic Systems,163,398,378
816,DK742,Engineering - Mechanical Engineering,166,474,507
817,DK744,Engineering - Civil Engineering,165,532,465
818,DK750,Hospitality Management,223,517,381
819,DK752,Event Management,224,507,400
820,DK753,Culinary Arts,192,339,520
821,DK763,"Sport, Exercise and Enterprise",205,440,542
822,DK767,Community Youth Work (interview),240,367,464
823,DK768,Audio and Music Production,329,405,463*
824,DK769,Creative Media,265,402,378
825,DK770,Theatre and Film Practice,140,498,440*
826,DK771,Musical Theatre (audition),,589,440*
827,DK781,Science - Bioscience,376,55,387
828,DK783,Science - Pharmaceutical Science,346,509,262
829,DK784,Veterinary Nursing,451,392,279
830,DK810,Accounting and Finance,307,454,304
831,DK816,Business Studies,301,476,288
832,DK820,Computing in Games Development,309,403,298
833,DK821,Computing in Software Development,320,351,298
834,DK822,Augmented and Virtual Reality,320,327,341
835,DK830,Building Surveying,305,441,287
836,DK831,Architectural Technology,368,437,309
837,DK832,Construction Management,358,404,#501
838,DK843,Engineering (Common Entry),404,475,332
839,DK844,Mechanical Engineering,336,419,316
840,DK845,Electrical and Electronic Engineering,331,420,319
841,DK846,Civil Engineering,371,469,298
842,DK850,International Tourism Management,303,337,308
843,DK861,Arts,302,161,310
844,DK862,Social Care,322,309,336
845,DK863,Creative Media,336,290,327
846,DK864,Film and Television Production,308,149,291
847,DK865,Audio and Music Production,352,160,373
848,DK870,General Nursing,440,300,418
849,DK872,Intellectual Disability Nursing,367,300,300
850,DK874,Mental Health Nursing,398,229,412
851,DK876,Early Childhood Studies,300,170,313
852,DK877,Midwifery,482,320,403
853,DK880,Health and Physical Activity,301,172,359
854,DK882,Agriculture (Award options),342,198,384
855,DK883,Science (Award options),373,266,307
856,DK884,Sustainable Agriculture,348,179,376
857,DK885,Agri-Food Production,,181,358
858,DK886,Biopharmaceutical Science,379,276,357
859,DK887,Environmental Science,377,301,326
860,GA160,Business (Level 6),168,165,308
861,GA170,Business (Level 7),252,271,315
862,GA171,Business Information Systems,253,160,310
863,GA172,Rural Enterprise and Agri-Business,278,300,#718
864,GA174,Marketing and Sales,278,180,322
865,GA175,Finance,318,312,308
866,GA176,Business with Entrepreneurship,278,204,322
867,GA181,Accounting,303,306,307
868,GA182,Business,285,164,293
869,GA183,Business Information Systems,298,169,306
870,GA184,Marketing and Sales,300,317,301
871,GA185,Finance and Economics,318,232,361
872,GA186,Business with Entrepreneurship,287,233,305
873,GA187,Rural Enterprise and Agri-Business,291,248,307
874,GA272,Heritage Studies,174,303,309
875,GA273,Contemporary Art (portfolio),775,456,316
876,GA274,Design,271,307,317
877,GA281,Film and Documentary,310,473,303
878,GA282,Heritage Studies,252,194,314
879,GA283,Contemporary Art (portfolio),790,316,308
880,GA284,Design,331,367,341
881,GA285,"Education (Art, Design and Graphics)",406,163,309
882,GA360,Business in Tourism,171,202,301
883,GA361,Culinary Arts,181,205,463
884,GA362,Hotel and Hospitality Operations,162,400,440
885,GA364,Heritage Studies,252,181,270
886,GA370,Hotel and Catering Management,163,357,279
887,GA376,Event Management with Public Relations,216,326,271
888,GA377,International Tourism Management,180,303,270
889,GA378,Culinary and Gastronomic Science,200,280,270
890,GA380,International Hotel Management,218,507,262
891,GA381,International Tourism Management,252,,#321
892,GA382,Culinary and Gastronomic Science,235,318,279
893,GA384,Event Management with Public Relations,230,#,308
894,GA470,Construction Management,246,521,225
895,GA471,Quantity Surveying and Construction Economics,234,346,446
896,GA472,Architectural Technology,260,316,415
897,GA473,Civil Engineering,304,#,390
898,GA480,Construction Management,302,360,267
899,GA482,Quantity Surveying and Construction Economics,304,455,252
900,GA483,Architectural Technology,281,430,280
901,GA484,Civil Engineering,377,422,309
902,GA570,Software and Electronic Engineering,225,510,288
903,GA580,Software and Electronic Engineering,300,445,280
904,GA670,Mechanical Engineering,294,498,243
905,GA673,Energy Engineering,279,498,270
906,GA674,Biomedical Engineering,308,487,226
907,GA675,Agricultural Engineering,290,422,456
908,GA676,Engineering (Common Entry to Manu/Agri/Biomed/Energy/Mech Eng),304,333,261
909,GA677,Manufacturing Engineering Design,308,357,276
910,GA680,Mechanical Engineering,400,361,377
911,GA681,Energy Engineering,312,357,271
912,GA682,Biomedical Engineering,331,476,279
913,GA683,Agricultural Engineering,304,422,237
914,GA684,Engineering Common Entry to Manu/Agri/Biomed/Energy/Mech Eng,413,430,279
915,GA685,Manufacturing Engineering Design,336,357,201
916,GA770,Applied Freshwater and Marine Biology,303,420,260
917,GA771,Applied Biology and Biopharmaceutical Science,302,371,270
918,GA772,Chemical and Pharmaceutical Science,310,473,262
919,GA773,Physics and Instrumentation,302,451,230
920,GA774,Science (Undenominated),302,352,266
921,GA775,Computing in Software Development,280,351,261
922,GA776,Computing and Digital Media,244,532,
923,GA777,Agriculture and Environmental Management,281,327,
924,GA780,Applied Freshwater and Marine Biology,366,#,
925,GA781,Applied Biology and Biopharmaceutical Science,381,#,
926,GA782,Chemical and Pharmaceutical Science,356,375,
927,GA783,Physics and Instrumentation,301,300,
928,GA784,Science (Undenominated),445,577,
929,GA785,Medical Science,517,495,
930,GA786,Forensic Science and Analysis,408,456,
931,GA787,Computing in Software Development,310,357,
932,GA788,Computing and Digital Media,270,588,
933,GA789,Agriculture and Environmental Management,340,402,
934,GA790,Sport and Exercise Science,376,368,
935,GA791,Public Health Nutrition,368,409,
936,GA862,History and Geography,195,401,
937,GA864,Early Childhood Education and Care,170,444,
938,GA870,Outdoor Education and Leisure,166,434,
939,GA871,Early Childhood Education and Care,196,290,
940,GA872,Culture and Environment,201,440,
941,GA876,Community Development and Youth Work (Level 7),,260,
942,GA879,Applied Social Care,241,300,
943,GA880,General Nursing,440,300,
944,GA882,Psychiatric Nursing,369,400,
945,GA885,Outdoor Education,269,280,
946,GA887,History and Geography,201,337,
947,GA889,Applied Social Care,265,261,
948,GA890,Early Childhood Education and Care,281,220,
949,GA891,Geography and Outdoor Education,261,250,
950,GA892,Community Development and Youth Work (Level 8),,243,
951,GA970,Furniture Design and Manufacture,302,187,
952,GA971,Furniture Making and Architectural Woodworking,369,220,
953,GA973,Furniture and Digital Manufacturing,,200,
954,GA974,"Furniture Design, Making and Technology - Common Entry",422,217,
955,GA980,Education (Design Graphics and Construction),410,253,
956,GA981,Furniture Design and Manufacture,346,252,
957,GA982,Furniture Making and Architectural Woodworking,360,255,
958,GA983,Furniture and Digital Manufacturing,,733,
959,GA984,"Furniture Design, Making and Technology - Common Entry",486,566,
960,GY101,Arts (Joint-Honours),327,579,
961,GY104,BSc (Psychology),564,,
962,GY105,Arts (History),357,160,
963,GY109,Arts (Mathematics and Education),413,254,
964,GY110,Arts (Children and Youth Studies - options),387,280,
965,GY111,Arts (English and Creative Writing),421,215,
966,GY113,Arts with Human Rights,413,187,
967,GY115,Arts with Performing Arts Studies,300,272,
968,GY118,"Arts (Drama, Theatre and Performance Studies)",453,324,
969,GY119,Arts (Journalism),484,260,
970,GY122,Na Dána (Cumarsáid agus Gaeilge),410,261,
971,GY123,Applied Social Sciences,419,279,
972,GY125,Arts (Digital Arts and Technology),403,270,
973,GY127,Arts (Film and Digital Media),430,309,
974,GY128,Arts (Global Languages),346,307,
975,GY129,Arts (Global Experience),465,269,
976,GY130,Arts (Music),462,449,
977,GY132,"Government (Politics, Economics and Law)",465,273,
978,GY133,Education (Computer Science and Mathematical Studies),454,319,
979,GY134,Geography and Geosystems,425,235,
980,GY135,Arts (Global Media),442,328,
981,GY136,Na Dána (Léann Teanga - options),526,279,
982,GY201,Commerce,476,301,
983,GY202,Commerce (International) with French,520,505,
984,GY203,Commerce (International) with German,518,282,
985,GY204,Commerce (International) with Spanish,506,290,
986,GY206,Business Information Systems (Work Placement and Optional Int`l Study),509,309,
987,GY207,Commerce (Accounting) including optional Global Experience year,543,281,
988,GY208,Commerce (Gaeilge),508,297,
989,GY209,Commerce (Global Experience),551,412,
990,GY250,Law and Business,510,327,
991,GY251,Law (BCL),542,307,
992,GY252,Law (BCL) and Human Rights,565,324,
993,GY253,Law and Taxation,506,225,
994,GY254,"Law (BCL), Criminology and Criminal Justice",548,209,
995,GY261,Business Studies in International Hotel Management (interview),503,184,
996,GY262,Commerce in International Hotel Management (interview),709,171,
997,GY301,Science,489,243,
998,GY303,Biomedical Science,613,236,
999,GY304,Biotechnology,498,208,
1000,GY308,Environmental Science,431,216,
1001,GY309,Financial Mathematics and Economics,509,290,
1002,GY310,Marine Science,467,309,
1003,GY313,Environmental Health and Safety,412,245,
1004,GY314,Earth and Ocean Sciences,422,195,
1005,GY318,Biopharmaceutical Chemistry,555,415,
1006,GY319,Mathematical Science,543,311,
1007,GY320,"Physics (Degree options: Applied,Astrophysics,Biomedical,Theoretical)",465,291,
1008,GY321,Genetics and Genomics,532,360,
1009,GY322,Agricultural Sciences,485,316,
1010,GY350,Computer Science and Information Technology,495,209,
1011,GY401,Engineering (Undenominated),522,264,
1012,GY402,Civil Engineering,533,367,
1013,GY405,Mechanical Engineering,541,269,
1014,GY406,Electronic and Computer Engineering,555,223,
1015,GY408,Biomedical Engineering,554,280,
1016,GY410,Project and Construction Management,431,289,
1017,GY413,Energy Systems Engineering,509,262,
1018,GY414,Electrical and Electronic Engineering,433,243,
1019,GY501,"Medicine (five year/six year course, HPAT required)",737,254,
1020,GY502,Occupational Therapy,601,290,
1021,GY503,Speech and Language Therapy,578,356,
1022,GY504,Podiatric Medicine,531,338,
1023,GY515,General Nursing (Galway and Portiuncula),502,311,
1024,GY516,Mental Health Nursing,475,328,
1025,GY517,Midwifery,520,306,
1026,GB001,Business,,341,
1027,LY107,Business - Common Entry,189,300,
1028,LY108,Business - Accounting,312,285,
1029,LY118,Business,288,228,
1030,LY128,Marketing with Online Technologies,261,223,
1031,LY206,Sports Studies,147,234,
1032,LY207,Law with Criminal Justice,161,189,
1033,LY208,Law,300,223,
1034,LY228,Sports and Exercise - Common Entry,290,260,
1035,LY317,Culinary Arts,205,228,
1036,LY327,Hospitality And Tourism - Common Entry,180,243,
1037,LY408,Design - Common Entry,301,232,
1038,LY427,Digital Film and Video,217,224,
1039,LY437,Animation,183,251,
1040,LY447,Fashion with Promotion,189,269,
1041,LY457,Graphic and Digital Design,188,219,
1042,LY507,Quantity Surveying,204,,
1043,LY508,Fire Safety Engineering,283,243,
1044,LY518,Quantity Surveying,304,261,
1045,LY527,Civil Engineering,164,200,
1046,LY528,Construction Management,262,249,
1047,LY538,Architectural Technology,234,261,
1048,LY606,Electric Vehicle Engineering,216,251,
1049,LY607,Electronic Engineering,198,208,
1050,LY608,Mechanical Engineering,300,218,
1051,LY617,Mechanical Engineering,163,106,
1052,LY618,Electronic Engineering,321,234,
1053,LY707,Computer Games Development,206,225,
1054,LY708,Applied Computing,320,281,
1055,LY717,Computing,180,325,
1056,LY737,Computer Security and Digital Forensics,161,310,
1057,LY748,Computer Science,316,358,
1058,LY806,Pharmacy Technician,172,308,
1059,LY816,Dental Nursing,180,299,
1060,LY817,Bioscience,250,306,
1061,LY818,Science - Common Entry,302,300,
1062,LY826,Health Science with Physiotherapy Studies,487,325,
1063,LY828,Agriculture - Common Entry,308,302,
1064,LY836,Health Science with Occupational Therapy Studies,451,308,
1065,LY837,Food Science and Nutrition,215,309,
1066,LY846,Health Science with Dietetics Studies,336,317,
1067,LY847,Veterinary Nursing,389,308,
1068,LY867,Pharmaceutical and Medicinal Science,179,300,
1069,LY877,Agriculture,200,309,
1070,LY906,"Early Childhood Care, Health and Education",154,289,
1071,LY908,General Nursing,429,307,
1072,LY916,Health and Social Care,195,308,
1073,LY918,Psychiatric Nursing,367,,
1074,LY928,Intellectual Disability Nursing,357,440,
1075,LY968,"Early Childhood Care, Health and Education",288,389,
1076,LY978,Health and Social Care - Common Entry,279,435,
1077,MI001,Contemporary and Applied Theatre Studies,209,497,
1078,MI002,Arts,280,566,
1079,MI004,Education - Primary Teaching - International,589,442,
1080,MI005,Education - Primary Teaching,522,567,
1081,MI006,Education - Primary Teaching - Gaeltacht Applicants,485,529,
1082,MI007,Early Childhood Care and Education,409,420,
1083,MI008,Education and Psychology - Primary Teaching,590,555,
1084,MI009,"Education, Business Studies and Accounting",434,589,
1085,MI010,"Education, Business Studies and Religious Studies",370,340,
1086,MI011,"Education, Gaeilge and Religious Studies",407,602,
1087,MI012,"Education, Gaeilge and Business Studies",387,565,
1088,MI013,"Education, Mathematics and Gaeilge",509,543,
1089,MI014,"Education, Mathematics and Business Studies",476,602,
1090,CI110,Counselling and Psychotherapy,292,370,
1091,CI111,Counselling and Psychotherapy with Addiction Studies,290,398,
1092,CI112,Counselling and Psychotherapy with Youth Studies,325,487,
1093,LC110,"Art and Design (Common Entry, portfolio)",794,544,
1094,LC114,Fashion and Textiles for Product and Costume (portfolio),914,564,
1095,LC115,"Art and Design Teacher Education (LIT and UL, portfolio)",993,342,
1096,LC220,Digital Marketing,263,526,
1097,LC221,Accounting and Finance,243,531,
1098,LC222,Marketing and Management,259,510,
1099,LC223,Law and Taxation,331,509,
1100,LC224,Accounting and Finance,300,613,
1101,LC225,Marketing and Management,298,543,
1102,LC226,Enterprise and Innovation,255,532,
1103,LC228,Sports Development and Coaching,214,454,
1104,LC230,Business with Computing,241,466,
1105,LC233,Software Development,280,368,
1106,LC234,Immersive Digital Media and Spatial Computing,226,489,
1107,LC235,Internet Systems Development,207,393,
1108,LC236,Internet Systems Development,260,735,
1109,LC239,Computer Networks and Systems Management,317,613,
1110,LC241,Construction Management,326,566,
1111,LC242,Property Valuation and Management,308,533,
1112,LC243,Quantity Surveying,278,543,
1113,LC248,Built Environment (Common Entry),300,565,
1114,LC251,Civil Engineering,205,543,
1115,LC252,Civil Engineering Management,264,517,
1116,LC260,Applied Biology,338,473,
1117,LC263,Medical Technology,391,498,
1118,LC265,Forensic and Pharmaceutical Sciences,498,590,
1119,LC266,Drug and Medicinal Product Analysis,252,589,
1120,LC267,Forensic and Pharmaceutical Sciences,400,543,
1121,LC268,Medical Technology,384,555,
1122,LC270,Music Technology and Production,354,498,
1123,LC271,Electrical Engineering,329,462,
1124,LC275,Electrical Engineering,361,540,
1125,LC276,Creative Broadcast and Film Production,310,509,
1126,LC277,Industrial Automation and Robotic Systems,261,474,
1127,LC278,Renewable and Electrical Energy Engineering,306,444,
1128,LC279,Electronic Engineering with Computer Systems,242,531,
1129,LC281,Automobile Technology,277,429,
1130,LC283,Precision Engineering,207,430,
1131,LC284,"Agricultural Mechanisation at Salesian Agricultural College,Pallaskenry",192,408,
1132,LC285,Mechanical Engineering,299,396,
1133,LC286,Road Transport Technology and Management,294,352,
1134,LC288,Mechanical Engineering,378,529,
1135,LC289,Precision Engineering,261,337,
1136,LC290,Sports Development Performance,208,337,
1137,LC292,Social Care Work,374,342,
1138,LC293,Business Studies with Travel and Tourism Management,271,498,
1139,LC294,Business Studies with Event Management,279,335,
1140,LC295,Business Studies with Sports Management,262,335,
1141,LC297,Community and Addiction Studies,272,499,
1142,LC320,Business,381,534,
1143,LC322,Enterprise and Innovation,228,534,
1144,LC330,Business with Computing,328,566,
1145,LC336,Computing,219,534,
1146,LC340,Interior Design,391,534,
1147,LC362,Biotechnology and Biopharmaceutical Sciences,429,534,
1148,LC371,Creative Broadcast and Film Production,325,498,
1149,LC372,Music Technology and Production,377,349,
1150,LC374,Renewable and Electrical Energy Engineering,337,349,
1151,LC375,Industrial Automation and Robotic Systems,309,349,
1152,LC376,Electronic Engineering with Computer Systems,357,529,
1153,LC380,Automotive Engineering and Transport Management,298,498,
1154,LC392,Business Studies in Beauty and Spa Management,328,499,
1155,LC393,Early Childhood Education and Care,309,498,
1156,LC396,Beauty and Spa Services,319,#498,
1157,LC397,Business Studies with Sports,233,498,
1158,LC398,Culinary Arts,215,#521,
1159,LC399,Hospitality Supervision,137,521,
1160,LC402,Social Care Work,228,521,
1161,LC408,Environmental Science and Climate,279,529,
1162,LC415,Business,172,#473,
1163,LC416,Business,260,521,
1164,LC418,Computing - Games Design and Development,260,529,
1165,LC422,Applied Strength and Conditioning,289,352,
1166,LC423,Applied Strength and Conditioning,145,498,
1167,LC425,Environmental Science,229,529,
1168,LC502,Game Art and Design (portfolio),841,529,
1169,LC504,Creative Media and Design,155,529,
1170,LC517,Creative Media and Design,279,529,
1171,LC518,Digital Animation Production (portfolio),807,529,
1172,LC602,Social Care Work,251,334,
1173,LC612,Social Care Work,309,499,
1174,LM002,Arts,360,337,
1175,LM019,Social Sciences,451,335,
1176,LM020,Law and Accounting,474,529,
1177,LM026,Performing Arts (audition format TBC),329,335,
1178,LM028,Criminal Justice,420,,
1179,LM029,Law Plus,530,342,
1180,LM038,Psychology and Sociology,530,566,
1181,LM039,Journalism and Digital Communication,432,566,
1182,LM040,European Studies,409,566,
1183,LM044,Applied Languages,429,499,
1184,LM050,Business Studies (options),451,#473,
1185,LM056,International Business,555,388,
1186,LM058,Financial Mathematics,468,388,
1187,LM063,Technology Management,410,499,
1188,LM066,Environmental Science,430,499,
1189,LM068,Food Science and Health,464,342,
1190,LM076,Product Design and Technology (portfolio required),401,498,
1191,LM077,Aeronautical Engineering,567,342,
1192,LM082,Construction Management and Engineering,446,,
1193,LM089,Sport and Exercise Sciences,498,403,
1194,LM090,Physical Education with concurrent Teacher Education,552,389,
1195,LM091,Languages with concurrent Teacher Education,506,368,
1196,LM092,Science with Teacher Ed (Biology with Physics/Chemistry/Ag Science),521,381,
1197,LM093,Equine Science,367,332,
1198,LM094,Materials and Architectural Technology with concurrent Teacher Education,475,336,
1199,LM095,Materials and Engineering Technology with concurrent Teacher Education,425,#498,
1200,LM096,Science with Teacher Ed (Physical Sciences with Chemistry and Physics),454,498,
1201,LM097,Mathematics and Computer Science with concurrent Teacher Education,465,436,
1202,LM099,Architecture,520,#543,
1203,LM100,Physiotherapy,613,#531,
1204,LM101,Medicine  - Graduate Entry (GAMSAT required),57,511,
1205,LM102,Psychology,534,478,
1206,LM103,Paramedic Studies (Full B/Provisional C1 Drivers Licence),429,232,
1207,LM105,Exercise and Health Fitness Management,441,223,
1208,LM115,Chemical and Biochemical Engineering,476,197,
1209,LM116,Engineering (Biomedical/Civil/Design and Manufacture/Mechanical),498,223,
1210,LM118,Electronic and Computer Engineering,445,153,
1211,LM121,Computer Science (Computer Systems/Games Dev/Mobile Comm Security),402,236,
1212,LM122,Creative Media and Interaction Design (Digital Design/Music Media Tech),382,223,
1213,LM123,Biological and Chemical Sc. (Biosci/Envir Sci/Ind Bio/Pharma and In,498,241,
1214,LM124,Mathematics (Math Science/Maths and Physics/Economics and Maths),455,205,
1215,LM125,Physics (Applied Physics or Mathematics and Physics),489,194,
1216,LM150,General Nursing,498,245,
1217,LM152,Mental Health Nursing,478,321,
1218,LM154,Intellectual Disability Nursing,462,410,
1219,LM156,Midwifery,521,226,
1220,LM180,Equine Science,351,180,
1221,MU001,Theology and Arts,294,300,
1222,MU002,Theology,,300,
1223,MH001,Education - Primary Teaching (Froebel),564,301,
1224,MH002,Education - Primary Teaching - Gaeltacht Applicants (Froebel),,290,
1225,MH003,Early Childhood - Teaching and Learning (full-time),381,260,
1226,MH101,Arts,338,232,
1227,MH103,Music,#,260,
1228,MH106,Psychology - 3 years,554,262,
1229,MH107,Social Science,390,243,
1230,MH109,Media Studies,324,244,
1231,MH116,Community and Youth Work (Full-Time),#,224,
1232,MH201,Science,401,225,
1233,MH202,Biotechnology,490,370,
1234,MH203,Biological and Geographical Sciences,451,244,
1235,MH204,Physics with Astrophysics,422,223,
1236,MH206,Theoretical Physics and Mathematics,521,180,
1237,MH207,Data Science,444,221,
1238,MH208,Biological and Biomedical Sciences,543,264,
1239,MH209,Psychology (through Science) - 4 years,529,181,
1240,MH210,Pharmaceutical and Biomedical Chemistry,510,241,
1241,MH212,Science|Maths and Computer Science|Mathematics (with Education),452,300,
1242,MH304,Engineering (Computer/Electronic/Communications),351,198,
1243,MH305,Product Design,326,228,
1244,MH306,Robotics and Intelligent Devices,362,232,
1245,MH401,Finance (options),370,350,
1246,MH402,Quantitative Finance,476,292,
1247,MH403,Accounting and Finance,424,290,
1248,MH404,Business (options),441,253,
1249,MH407,Business and Accounting,423,270,
1250,MH411,Entrepreneurship,378,410,
1251,MH501,LLB Law - four year Single Major Law programme,507,234,
1252,MH502,Law (options),465,155,
1253,MH601,Computer Science through Arts (options),381,245,
1254,MH602,Computer Science through Science (options),400,170,
1255,MH603,Computational Thinking,520,242,
1256,MH801,Early Childhood - Teaching and Learning (part-time),AQA,407,
1257,MH802,"Community and Youth Work (part-time, in service)",,390,
1258,MH803,"Local Studies/Community Studies (part-time, evening) - Mature Students",,270,
1259,AS001,"Education, Home Economics and Biology - with concurrent Teacher Ed",542,361,
1260,AS002,"Education, Home Economics and Religious Ed - with concurrent Teacher Ed",464,200,
1261,AS003,"Education, Home Economics and Irish - with concurrent Teacher Ed",463,225,
1262,AS051,"Nutrition, Food and Business Management",378,220,
1263,AS054,Home Economics,440,211,
1264,AS110,General Nursing,440,204,
1265,AS130,Intellectual Disability Nursing,387,302,
1266,SG101,Business,167,364,
1267,SG102,Computing (Level 6 - General Entry),254,382,
1268,SG131,Computing - Games Development,271,224,
1269,SG134,Applied Sport with Business,200,AQA,
1270,SG135,Business in Tourism with Event Management,194,195,
1271,SG136,Computing - Software Development,279,260,
1272,SG137,Computing in Computer Networks and Cyber Security,262,182,
1273,SG138,Computing (Level 7 - General Entry),299,244,
1274,SG139,Business in Marketing,269,224,
1275,SG141,Business,262,180,
1276,SG145,Business and ICT,279,179,
1277,SG146,Accounting,304,220,
1278,SG147,Sport with Business,288,179,
1279,SG148,Tourism with Event Management,298,189,
1280,SG150,Business in Marketing,298,320,
1281,SG231,Fine Art,375,101,
1282,SG232,Creative Design,270,220,
1283,SG235,Performing Arts (Theatre Design),205,390,
1284,SG236,Performing Arts (Acting),204,481,
1285,SG241,Performing Arts,341,225,
1286,SG242,Early Childhood Care and Education,287,235,
1287,SG243,Social Care Practice,309,317,
1288,SG244,Fine Art,501,243,
1289,SG245,Creative Design,332,271,
1290,SG246,Computing,316,402,
1291,SG247,English and Psychology,319,262,
1292,SG248,Sociology and Politics,298,276,
1293,SG249,Writing and Literature,308,260,
1294,SG252,Software Development,310,235,
1295,SG253,Computing in Computer Networks and Cyber Security,336,270,
1296,SG254,Writing and Literature Online,327,411,
1297,SG255,Law and Business,291,270,
1298,SG300,Engineering (General Entry),202,218,
1299,SG302,Construction Economics,174,285,
1300,SG308,Applied Construction Technology,199,410,
1301,SG330,Engineering (General Entry),262,622,
1302,SG331,Interior Architecture and Design,222,367,
1303,SG332,Advanced Wood and Sustainable Building Technology,217,288,
1304,SG333,Mechanical Engineering,225,313,
1305,SG334,Mechatronic Engineering,290,401,
1306,SG335,"Engineering in Mechatronic Systems (Interview, Work Based)",#,385,
1307,SG336,Precision Engineering and Design,341,349,
1308,SG338,Civil Engineering,226,476,
1309,SG339,Quantity Surveying,216,476,
1310,SG341,General Engineering,373,331,
1311,SG342,Civil Engineering,418,476,
1312,SG343,Quantity Surveying,300,391,
1313,SG344,Mechanical Engineering,412,377,
1314,SG346,Construction Project Management and Applied Technology,313,217,
1315,SG347,Architecture,403,260,
1316,SG348,Interior Architecture and Design,359,308,
1317,SG349,Electronics and Self Driving Technologies,,226,
1318,SG350,Robotics and Automation,384,280,
1319,SG401,Science,282,400,
1320,SG404,Environmental Science with Ecology (Level 6),388,226,
1321,SG406,Health and Exercise Science,396,487,
1322,SG431,Pharmaceutical Science with Drug Development,287,524,
1323,SG433,Occupational Safety and Health,243,510,
1324,SG434,Human Nutrition,299,336,
1325,SG435,Health Science and Physiology,296,578,
1326,SG436,Biomedical Science,260,509,
1327,SG437,Forensic Investigation and Analysis,252,491,
1328,SG439,Environmental Science with Ecology (Level 7),253,250,
1329,SG442,Occupational Safety and Health,307,341,
1330,SG443,Human Nutrition,376,400,
1331,SG444,Science Undenominated,358,377,
1332,SG445,Pharmaceutical Science with Drug Development,357,308,
1333,SG447,Health Science and Physical Activity,326,337,
1334,SG448,Forensic Investigation and Analysis,308,351,
1335,SG449,Medical Biotechnology,315,578,
1336,SG450,Environmental Science with Ecology (Level 8),310,318,
1337,SG530,Health and Medical Information Science (Online),387,397,
1338,SG535,Business Administration,241,270,
1339,SG536,Business,233,271,
1340,TL651,Science - Biological and Environmental Studies,215,463,
1341,TL652,Science - Pharmacy Technician,222,462,
1342,TL701,"Animation, Visual Effects and Motion Design (Level 7, portfolio)",,465,
1343,TL702,"TV, Radio and New Media (Level 7)",222,395,
1344,TL710,Computing with Software Development,297,300,
1345,TL711,Computing with Games Development,238,262,
1346,TL715,Computing (Degree Award options),261,285,
1347,TL716,Computer Systems and Networking,227,444,
1348,TL731,Business (Major Specialism in: Acctng or Mktg or Mgmnt),232,209,
1349,TL742,Construction Management,,330,
1350,TL744,Agricultural Engineering,220,252,
1351,TL745,Civil Engineering,243,324,
1352,TL747,Mechanical and Automation Engineering,254,252,
1353,TL748,Agricultural Science,233,235,
1354,TL755,Pharmaceutical Science (Degree Award options),228,342,
1355,TL758,Animal Bioscience,234,451,
1356,TL771,Health and Leisure (Degree Award Options),211,228,
1357,TL772,Health and Leisure with Massage,236,270,
1358,TL773,Coaching and Sports Performance,207,212,
1359,TL774,Inclusive Sport and Physical Activity,121,418,
1360,TL780,Early Childhood Care and Education,100,228,
1361,TL781,Social Care,261,307,
1362,TL801,"Animation, Visual Effects and Motion Design (Level 8, portfolio)",718,301,
1363,TL802,"TV, Radio and New Media (Level 8)",322,300,
1364,TL810,Computing with Software Development,308,410,
1365,TL811,Computing with Games Development,322,249,
1366,TL815,Computing (Degree Award options),307,212,
1367,TL823,Event Management (3 year programme),293,278,
1368,TL831,Business Studies (Major Specialism in: Acctng or Mktg or Mgmnt),306,316,
1369,TL842,Construction Management,,184,
1370,TL844,Agricultural Engineering,301,300,
1371,TL845,Civil Engineering,361,290,
1372,TL847,Manufacturing Engineering,305,356,
1373,TL848,Agricultural Science,307,217,
1374,TL851,Wildlife Biology (Degree Award options),309,608,
1375,TL855,Pharmaceutical Science (Degree Award options),316,379,
1376,TL858,Veterinary Bioscience,317,416,
1377,TL871,Health and Leisure (Degree Award options),303,356,
1378,TL872,Health and Leisure with Massage,314,366,
1379,TL873,Coaching and Sports Performance,308,308,
1380,TL874,Inclusive Sport and Physical Activity,341,290,
1381,TL880,Early Childhood Care and Education,309,281,
1382,TL881,Social Care,301,717,
1383,TL889,Counselling with Addiction - Mature applicants only,,709,
1384,TL890,General Nursing and Mature Applicants,463,632,
1385,TL891,Mental Health Nursing and Mature Applicants,440,695,
1386,WD001,Applied Computing (options),270,280,
1387,WD002,Science (options),279,320,
1388,WD003,Business,AQA,456,
1389,WD005,Health Sciences (options),271,381,
1390,WD006,Exercise Sciences (options),270,322,
1391,WD007,Engineering (options),270,289,
1392,WD010,Electronic Engineering,419,325,
1393,WD011,Mechanical Engineering,170,251,
1394,WD013,Legal Studies,AQA,270,
1395,WD018,Applied Social Care,181,321,
1396,WD019,Recreation and Sport Management,AQA,367,
1397,WD025,Construction Management and Engineering,262,400,
1398,WD027,Music,321,310,
1399,WD048,Business (options),279,260,
1400,WD076,Forestry,216,308,
1401,WD084,Accounting,308,AQA,
1402,WD091,Hospitality Management,225,280,
1403,WD094,Architectural Technology,176,280,
1404,WD096,Horticulture (Waterford - Kildalton),226,288,
1405,WD097,Horticulture (Dublin - National Botanic Gardens),223,181,
1406,WD116,General Nursing,446,198,
1407,WD117,Psychiatric Nursing,415,177,
1408,WD120,Intellectual Disability Nursing,390,171,
1409,WD126,Agriculture,328,174,
1410,WD134,International Business,267,269,
1411,WD137,Design (Visual Communications),252,262,
1412,WD140,Laws,280,271,
1413,WD144,Architecture,309,243,
1414,WD147,Pharmaceutical Science,288,308,
1415,WD150,Criminal Justice Studies,280,228,
1416,WD151,Software Systems Development,165,166,
1417,WD152,Visual Art,243,260,
1418,WD153,Multimedia Applications Development,195,AQA,
1419,WD155,Information Technology,195,422,
1420,WD159,Business,191,366,
1421,WD161,Computer Forensics and Security,270,377,
1422,WD162,Quantity Surveying,226,327,
1423,WD163,Psychology,456,290,
1424,WD164,Food Science with Business,328,271,
1425,WD172,Culinary Arts,AQA,206,
1426,WD173,Hospitality Studies,158,280,
1427,WD174,Tourism,AQA,284,
1428,WD175,Pharmaceutical Science,224,293,
1429,WD177,"Science (Mol. Biology with Biopharm.,Food Science with Business,Pharm.)",205,271,
1430,WD182,Electrical Engineering,AQA,270,
1431,WD184,Retail Management,190,AQA,
1432,WD186,Sports Coaching and Performance,261,AQA,
1433,WD187,Social Science,276,163,
1434,WD188,Applied Health Care,220,211,
1435,WD191,Agricultural Science,377,195,
1436,WD192,Social Care Practice,271,255,
1437,WD193,Marketing and Digital Media,279,216,
1438,WD194,Culinary Arts,237,434,
1439,WD195,Architectural and Building Information Modelling Technology,279,309,
1440,WD200,Arts (options),201,AQA,
1441,WD205,Molecular Biology with Biopharmaceutical Science,AQA,AQA,
1442,WD206,Electronic Engineering,180,AQA,
1443,WD207,Mechanical Engineering,172,226,
1444,WD208,Manufacturing Engineering,317,222,
1445,WD210,Software Systems Development,260,AQA,
1446,WD211,Creative Computing,270,163,
1447,WD212,Recreation and Sport Management,262,270,
1448,WD230,Mechanical and Manufacturing Engineering,230,272,
1449,WD231,Early Childhood Care and Education,266,201,
1450,WD232,Business Information Systems,261,377,
1451,AL600,Software Design,,270,
1452,AL601,Computer Engineering,,271,
1453,AL602,Mechanical Engineering,,217,
1454,AL604,Civil Engineering,,279,
1455,CI001,Counselling Skills and Psychotherapy Studies,,AQA,
1456,CI002,Counselling Skills and Addiction Studies,,228,
1457,CI005,Counselling Skills and Youth Studies,,179,
1458,CR126,Popular Music: Drums at CIT Cork School of Music,,198,
1459,CR127,Popular Music: Electric Guitar at CIT Cork School of Music,,188,
1460,CR128,Popular Music: Keyboards at CIT Cork School of Music,,279,
1461,CR129,Popular Music: Voice at CIT Cork School of Music,,271,
1462,CT110,Computing in Information Technology,,270,
1463,CT116,Information Technology,,253,
1464,DB516,Financial Services,,,
1465,DC201,Common Entry into Science (Undenominated Entry),,,
1466,DC239,"Gaeilge, Iriseoireacht agus na Meáin Dhigiteacha",,,
1467,DK860,Music (audition),,,
1468,DL821,"English, Media and Cultural Studies",,,
1469,DL828,"3D Design, Modelmaking and Digital Art",,,
1470,DL829,Design for Stage and Screen (Costume Design),,,
1471,DL830,Design for Stage and Screen (Character Makeup Design),,,
1472,DL831,Design for Stage and Screen (Production Design),,,
1473,DL834,Film and Television Production,,,
1474,DN252,Dairy Business,,,
1475,DN253,Agri - Environmental Sciences,,,
1476,DN271,Forestry,,,
1477,DN272,"Horticulture, Landscape and Sportsturf Management",,,
1478,DS603,Computing and Multimedia (Level 6 - Certificate),,,
1479,GC305,International Hospitality Management,,,
1480,GC306,International Hospitality Management,,,
1481,GY107,Na Dána (Gaeilge agus Léann an Aistriúcháin),,,
1482,GY112,Arts with Film Studies,,,
1483,GY120,"Arts (Child, Youth and Family: Policy and Practice)",,,
1484,GY121,Arts (Children`s Studies),,,
1485,GY124,Arts (Arts with Data Science),,,
1486,GY126,Arts (English and Media Studies),,,
1487,GY131,Arts (History and Globalisation Studies),,,
1488,LC257,Interior Design,,,
1489,LC401,Early Childhood Education and Care,,,
1490,LC414,Data Analytics and Cyber Security,,,
1491,LC428,Environmental Science and Agriculture,,,
1492,LC432,Early Childhood Education and Care,,,
1493,LC434,Environmental Science and Agriculture,,,
1494,LC603,Early Childhood Education and Care,,,
1495,LC605,Business,,,
1496,LC613,Early Childhood Education and Care,,,
1497,MH405,Equine Business,,,
1498,SG142,Business in International Marketing and Languages (French),,,
1499,SG144,Business in International Marketing and Languages (Spanish),,,
1500,SG250,Application Design and User Experience,,,
1501,SG251,Computing (Smart Technologies),,,
1502,SG537,Marketing and Sales,,,
1503,TL620,Culinary Arts,,,
1504,TL743,Agricultural Mechanisation,,,
1505,TR012,History and Political Science,,,
1506,TR017,Law and Business,,,
1507,TR020,Law and Political Science,,,
1508,TR029,Political Science and Geography,,,
1509,TR082,Computer Science and Business,,,
1510,TR083,Sociology and Social Policy,,,
1511,TR452,History/Sociology,,,
1512,TR755,Sociology/Drama Studies,,,
1513,TU601,Electronic Engineering,,,
1514,TU602,Computer Engineering,,,
1515,TU603,Mechanical Engineering,,,
1516,TU653,Computing (Information Technology),,,
1517,TU671,Business,,,
1518,TU672,Business (Common entry),,,
1519,TU707,Electronic Engineering,,,
1520,TU710,Engineering Reliability Management,,,
1521,TU712,Sustainable Energy and Environmental Engineering,,,
1522,TU715,Engineering Software,,,
1523,TU718,Mechanical Engineering,,,
1524,TU732,Timber Product Technology,,,
1525,TU759,Information Technology Management,,,
1526,TU771,Business,,,
1527,TU774,Management,,,
1528,TU775,Accounting and Finance,,,
1529,TU776,Accounting and Finance,,,
1530,TU777,Business and Information Technology,,,
1531,TU778,International Business,,,
1532,TU779,International Business,,,
1533,TU783,Marketing,,,
1534,TU793,Early Childhood Care and Education,,,
1535,TU794,Early Childhood Care and Education,,,
1536,TU803,Electronic Engineering,,,
1537,TU806,Sustainable Energy Engineering,,,
1538,TU808,Engineering Software,,,
1539,TU809,Mechanical Engineering,,,
1540,TU813,Automation Engineering,,,
1541,TU873,Industrial Mathematics,,,
1542,TU901,Business,,,
1543,TU908,Management,,,
1544,TU909,Accounting and Finance,,,
1545,TU911,Accounting and Finance,,,
1546,TU913,Business and Information Technology,,,
1547,TU915,International Business,,,
1548,TU916,International Business,,,
1549,TU923,Marketing Management,,,
1550,TU966,Languages and English Studies,,,
1551,TU971,Contemporary Visual Culture,,,
1552,TU972,Creative and Cultural Industries,,,
1553,TU986,Print Media Technology and Management,,,
1554,TU993,Early Childhood Care and Education,,,
1555,TU994,Early Childhood Care and Education,,,
1556,WD139,Civil Engineering,,,
1557,WD149,Early Childhood Studies,,,
1558,CR435,Coaching Science and Sports Pedagogy,,,
